script,output,timestamp
"FADE IN:

A quiet city street at sunrise.
Soft ambient music plays as people begin their day.

A young filmmaker sits alone in a cafÃ©, staring at their laptop.
They hesitate, then start typing.

MONTAGE:
Quick shots of writing, deleting, pacing, thinking.

The music slowly builds.

Suddenly, the laptop crashes.
The screen goes black.
The music stops.

Silence.

The filmmaker panics, trying to recover the work.
Heartbeats grow louder.

CUT TO:

The laptop reboots.
The script reappears.
Relief floods their face.

Music swells into a powerful climax.

They smile.
The story is ready.

FADE OUT.
","ðŸŽ¬ SCENEFLOW AI ANALYSIS

INTRO:
- FADE IN:
AI Suggestion: Keep intro short to hook attention.

BUILD:
- A quiet city street at sunrise.
- A young filmmaker sits alone in a cafÃ©, staring at their laptop.
- They hesitate, then start typing.
- MONTAGE:
- Quick shots of writing, deleting, pacing, thinking.
- The screen goes black.
- Silence.
- The filmmaker panics, trying to recover the work.
- Heartbeats grow louder.
- CUT TO:
- The laptop reboots.
- The script reappears.
- Relief floods their face.
- They smile.
- The story is ready.
- FADE OUT.
AI Suggestion: Increase pacing gradually.

CLIMAX:
- Soft ambient music plays as people begin their day.
- The music slowly builds.
- Suddenly, the laptop crashes.
- The music stops.
- Music swells into a powerful climax.
AI Suggestion: Use fast cuts and sound rise.

",2026-01-16 08:53:43.480711
"FADE IN:

A quiet city street at sunrise.
Soft ambient music plays as people begin their day.

A young filmmaker sits alone in a cafÃ©, staring at their laptop.
They hesitate, then start typing.

MONTAGE:
Quick shots of writing, deleting, pacing, thinking.

The music slowly builds.

Suddenly, the laptop crashes.
The screen goes black.
The music stops.

Silence.

The filmmaker panics, trying to recover the work.
Heartbeats grow louder.

CUT TO:

The laptop reboots.
The script reappears.
Relief floods their face.

Music swells into a powerful climax.

They smile.
The story is ready.

FADE OUT.
","ðŸŽ¬ SCENEFLOW AI ANALYSIS

INTRO:
- FADE IN:
AI Suggestion: Keep intro short to hook attention.

BUILD:
- A quiet city street at sunrise.
- A young filmmaker sits alone in a cafÃ©, staring at their laptop.
- They hesitate, then start typing.
- MONTAGE:
- Quick shots of writing, deleting, pacing, thinking.
- The screen goes black.
- Silence.
- The filmmaker panics, trying to recover the work.
- Heartbeats grow louder.
- CUT TO:
- The laptop reboots.
- The script reappears.
- Relief floods their face.
- They smile.
- The story is ready.
- FADE OUT.
AI Suggestion: Increase pacing gradually.

CLIMAX:
- Soft ambient music plays as people begin their day.
- The music slowly builds.
- Suddenly, the laptop crashes.
- The music stops.
- Music swells into a powerful climax.
AI Suggestion: Use fast cuts and sound rise.

",2026-01-16 08:53:47.070865
